<?xml version="1.0" encoding="UTF-8" standalone="yes"?>
<addon id="plugin.video.WaywardPlay.Matrix" name="[B][COLOR white]WAYWARD PLAY[/COLOR][/B]" version="1.0" provider-name="[B][COLOR white]Wayward Play[/COLOR][/B]">
<requires>
<import addon="xbmc.python" version="3.0.0"/>
<import addon="script.module.requests"/>
<import addon="script.module.simplejson"/>
<import addon="script.module.kodi-six" />
</requires>
<extension point="xbmc.python.pluginsource" library="default.py">
<provides>video</provides>
</extension>
<extension point="xbmc.addon.repository" name="[B][COLOR white]Wayward Play [COLOR blue]Repo[/COLOR][/COLOR][/B]">
<info compressed="false">https://raw.github.com/skyrisk/brazucaplay/master/addons/repo/addons_matrix.xml</info>
<checksum>https://raw.github.com/skyrisk/brazucaplay/master/addons/repo/addons_matrix.xml.md5</checksum>
<datadir zip="true">https://raw.github.com/skyrisk/brazucaplay/master/addons/repo/Plugins/</datadir>
<hashes>false</hashes>
</extension>
<extension point="xbmc.addon.metadata">
<summary>[B][COLOR white]TV, Filmes, Séries, Desenhos e Animes.[/COLOR]</summary>
<description>[B][COLOR blue]●[/COLOR] [COLOR white]O Wayward Play é apenas um AGREGADOR de links e, assim como o Google.com, apenas junta e organiza os links externos. Não somos responsáveis pelos arquivos aqui encontrados.[/COLOR][/B][CR][B][COLOR firebrick]●[/COLOR] [COLOR white]Proibido a venda dos add-ons do Wayward Play.[/COLOR][/B][CR][B][COLOR firebrick]●[/COLOR] [COLOR white]Não vendemos IPTV.[/COLOR][/B]</description>
<disclaimer>[B][COLOR white]OBRIGADO POR USAR NOSSO ADD-ON [COLOR gold]S2[/COLOR][/COLOR][/B]</disclaimer>
<news>[B][COLOR gold]v2.1.3 - KODI 19 - MATRIX.[/COLOR][/B]</news>
<platform>all</platform>
<reuselanguageinvoker>true</reuselanguageinvoker>
<assets>
<icon>icon.png</icon>
<fanart>fanart.jpg</fanart>
</assets>
</extension>
</addon>